SITECODE,DRNAREA_mi2
ALSE8667_B,0.0212
ALSE8667_B,0.0212
ALSE8667_B,0.0212
ALSE8673_B,0.29
ALSE8673_B,0.29
ALSE8673_B,0.29
ALSE8674_B,0.04
ALSE8674_B,0.04
ALSE8674_B,0.04
ALSE8675_B,0.02
ALSE8675_B,0.02
ALSE8675_B,0.02
ALSE8676_B,0.104
ALSE8676_B,0.104
ALSE8676_B,0.104
ALSE8939_B,0.063
ALSE8939_B,0.063
ALSE8939_B,0.063
ALSE8940_B,0.01
ALSE8940_B,0.01
ALSE8940_B,0.01
ALSE9185_B,0.054
ALSE9185_B,0.054
ALSE9185_B,0.054
ALSE9186_B,0.081
ALSE9186_B,0.081
ALSE9186_B,0.081
ALSE9443_BO,0.046
ALSE9443_BO,0.046
ALSE9443_BO,0.046
ALSE9533_B,0.0252
ALSE9533_B,0.0252
ALSE9533_B,0.0252
ALSE9534_B,0.0492
ALSE9534_B,0.0492
ALSE9534_B,0.0492
ALSE9592_V,0.0402
ALSE9594_V,0.25
ALSE9594_V,0.25
ALSE9594_V,0.25
ALSE9594_V,0.25
ALSE9595_V,0.16
ALSE9596_V,147
ARNE117_V,0.71
ARNE117_V,0.71
ARNE117_V,0.71
ARNE117_V,0.71
ARNE125_V,11.9
ARNE163_B,57.5
ARNE163_B,57.5
ARNE163_B,57.5
ARNE163_B,57.5
ARNE171_B,65.2
ARNE171_B,65.2
ARNE171_B,65.2
ARNE171_B,65.2
ARNE230_V,19.8
ARNE230_V,19.8
ARNE230_V,19.8
ARNE230_V,19.8
ARNE8840_V,0.28
ARNE8840_V,0.28
ARNE8840_V,0.28
ARNE8840_V,0.28
ARNE8845_V,0.36
ARNE8845_V,0.36
ARNE8845_V,0.36
ARNE8845_V,0.36
ARNE8884_B,1.33
ARNE8884_B,1.33
ARNE8884_B,1.33
ARNE8884_B,1.33
ARSE5406_B,5.43
ARSE5406_B,5.43
ARSE5406_B,5.43
ARSE5406_B,5.43
ARSE8019_B,0.04
ARSE8019_B,0.04
ARSE8019_B,0.04
ARSE8019_B,0.04
ARSE9485_B,0.01
ARSE9485_B,0.01
ARSE9485_B,0.01
ARSE9485_B,0.01
ARSE9486_B,0.01
ARSE9486_B,0.01
ARSE9486_B,0.01
ARSE9486_B,0.01
AZAW0006,0.15
AZAW0006,0.15
AZAW0007,80.22
AZAW0008,7
AZAW0022,271.75
AZAW0032,1.64
AZAW0033,16.03
AZAW0035,0.01
AZAW0035,0.03
AZAW0041,7.62
AZAW0042,0.28
AZAW0044,46.02
AZAW0046,10.15
AZAW0050,0.17
AZAW0050,0.24
AZAW0051,708.86
AZAW0053,2.49
AZAW0055,796.41
AZAW0065,880.94
AZAW0066,29.45
AZAW0081,0.05
AZAW0082,255.19
AZAW0084,35.23
AZAW0085,909.93
AZAW0086,1.92
AZAW0090,44.68
AZAW0099,15.36
AZAW0103,1216.17
AZAW0105,1061.78
AZWM0113,5.97
AZWM0114,22.16
AZWM0114,22.14
AZWM0114,22.14
AZWM0114,22.14
AZWM0115,0.05
AZWM0116,0.08
AZWM0118,0.05
AZWM0119,4.78
AZWM0119,4.78
AZWM0120,67.94
AZWM0121,83.32
AZWM0121,83.29
AZWM0121,83.29
AZWM0121,83.29
AZWM0122,0.55
AZWM0123,0.17
AZWM0123,0.17
AZWM0123,0.17
AZWM0123,0.17
AZWM0124,21.72
AZWM0124,21.69
AZWM0124,21.69
AZWM1588,10.09
AZWM1590,39.6
AZWM1591,29.1
AZWM1842,0.19
AZWM1843,2.28
AZWM1848,5.52
AZWM1853,22.07
AZWM1854,9.74
AZWM1855,0.7
AZWM1867,6.2
CAAW0242,5.91
CAAW0242,5.91
CAAW0244,18.4
CAAW0244,18.4
CAAW0249,213.7
CAAW0281,61.9
CAAW0332,14.1
CAAW0354,36.6
CAAW0377,56.7
CAAW0381,128.4
CAAW0387,5.5
CAAW0392,7.3
CAAW0392,7.3
CAAW0394,1.7
CAAW0396,0.3
CAAW0410,109.6
CAAW0412,53.7
CAAW0414,221.1
CAAW0419,13.2
CAAW0426,5.4
CAWM0477,2.8
CAWM0477,2.8
CAWM0477,2.8
CAWM0477,2.8
CAWM0478,0.1
CAWM0478,0.02
CAWM0478,0.02
CAWM0478,0.02
CAWM0485,406.1
CAWM0495,180.2
CAWM0507,22.4
CAWM0519,221.4
CAWM0519,221.4
CAWM0522,0.7
CAWM0522,0.7
CAWM0522,0.7
CAWM0522,0.7
CAWM0523,0.8
CAWM0523,0.8
CAWM0523,0.8
CAWM0523,0.8
CAWM0525,34.9
CAWM0525,34.9
CAWM0525,34.9
CAWM0525,34.9
CAWM0528,0.1
CAWM0528,0.1
CAWM0549,17.7
CAWM0549,17.7
CAWM0549,17.7
CAWM0549,17.7
CAWM0566,11.8
CAWM0588,0.05
CAWM0588,0.7
CAWM0588,0.7
CAWM0592,1.1
CAWM0595,9.6
CAWM0598,0.01
CAWM0609,53.9
CAWM0610,36.7
CAWM0621,590.2
CAWM0652,20.8
CAWM0652,20.8
CAWM0657,1.8
CAWM0657,5
CAWM0657,5
CAWM0672,18.7
CAWM0684,16.1
CAWM0684,16.1
CAWM0684,16.1
CAWM0684,16.1
CAWM0697,50.3
CAWM0718,4.5
CAWM0718,4.5
CAWM0718,4.5
CAWM0718,4.5
CAWM0720,107.3
CAWM0724,386.6
CAWM0724,386.6
CAWM0724,386.6
CAWM0724,386.6
CAWM0736,4
CAWM0736,4
CAWM0736,4
CAWM1822,0.04
CAWM1831,2.7
CAWM1871,2.1
CAWM1882,5.4
CAWM1891,0.5
CAWM1892,0.2
CAWM1894,4.4
CAWM1895,1.7
CAWM1898,0.1
CAWM1899,0.2
CAWM1900,0.1
CAWM1902,0.6
COAW0746,2.77
COAW0751,95.9
COAW0765,1.99
COAW0767,168
COAW0775,19.2
COAW0777,0.6
COAW0781,0.12
COAW0782,18.4
COAW0785,2030
COAW0792,16.3
COAW1383,51.9
COCB1,304
COCB1,0.1
COCB1,304
COCB1,304
COCB1,0.1
COCB1,304
COCB120,51.4
COCB120,51.4
COCB120,51.4
COCB120,51.4
COCB120,51.4
COCB120,51.4
COCB121,249
COCB121,0.22
COCB121,249
COCB121,249
COCB121,249
COCB121,249
COCB122,1.47
COCB122,1.47
COCB122,1.47
COCB122,1.47
COCB122,1.47
COCB122,1.47
COCB13,18.7
COCB13,18.7
COCB140,1.73
COCB140,1.73
COCB140,1.73
COCB140,1.73
COCB140,1.73
COCB140,1.73
COCB141,1.14
COCB141,1.14
COCB141,1.13
COCB141,1.14
COCB141,1.14
COCB141,1.14
COCB143,1.44
COCB143,1.44
COCB143,1.44
COCB143,1.44
COCB143,1.44
COCB143,1.44
COCB2,33.9
COCB2,33.9
COCB2,33.9
COCB2,33.9
COCB2,33.9
COCB2,33.9
COCB5,28.2
COCB5,28.2
COCB5,28.2
COCB5,28.2
COCB5,28.2
COCB5,28.2
COCB6,1130
COCB6,1130
COCB6,1130
COCB6,1130
COCB6,1130
COCB6,1130
COCV3140,0.71
COCV3185,0.081
COCV3305,52.6
COCV3309,261
COCV3309,261
COCV3310,256
COCV553,1
COCV559,22.3
COCV562,13.4
COCV568,16.3
COCV585,924
COWM0780,1.92
COWM0821,1.69
COWM0841,1.85
COWM0852,374
COWM0852,34.4
COWM0854,0.24
COWM0861,1.21
COWM0861,1.21
COWM0862,21.8
COWM0862,21.8
COWM0862,21.8
COWM0862,21.8
COWM0873,5.52
COWM0873,5.52
COWM0873,5.52
COWM0873,5.52
COWM0876,5.45
COWM0905,0.44
COWM0929,0.09
COWM0929,0.09
COWM0929,0.09
COWM0929,0.09
COWM0940,0.42
COWM0940,0.42
COWM0940,0.42
COWM0940,0.42
COWM0944,0.97
COWM0973,0.53
COWM0973,0.52
COWM0973,0.52
COWM0973,0.52
COWM0989,0.09
COWM1002,0.23
COWM1004,1.32
COWM1019,184
COWM1029,0.46
COWM1029,0.48
COWM1029,0.48
COWM1029,0.48
COWM1030,0.14
COWM1030,0.14
COWM1030,0.14
COWM1030,0.14
COWM1092,237
COWM1093,9.5
COWM1156,12.1
COWM1156,12.1
COWM1156,12.1
COWM1156,12.2
COWM1172,41
COWM1361,1.41
COWM1361,1.41
COWM1361,1.41
COWM1361,1.41
COWM1368,20.1
COWM1368,17
COWM1368,17
COWM1368,17
COWM1421,1.68
COWM1421,1.68
COWM1421,1.68
COWM1421,1.68
CTNE4307_V,29.4
CTNE4307_V,29.4
CTNE4307_V,29.4
CTNE4307_V,29.4
CTNE4333_V,129
CTNE4333_V,129
CTNE4333_V,129
CTNE4333_V,129
CTNE8862_B,3.65
CTNE8862_B,3.65
CTNE8862_B,3.65
CTNE8862_B,3.65
CTNE8863_V,2.69
CTNE8864_B,0.95
FLSE6566_V,11.9
FLSE6566_V,11.9
FLSE6566_V,11.9
FLSE6566_V,11.9
FLSE6568_VO,28.3
FLSE6606_B,29.5
FLSE6606_B,29.5
FLSE6606_B,29.5
FLSE6607_V,1.45
FLSE6607_V,1.45
FLSE6607_V,1.45
FLSE6607_V,1.45
FLSE6780_V,2.59
FLSE6780_V,2.59
FLSE6780_V,2.59
FLSE6780_V,2.59
FLSE6807_V,1.46
FLSE6807_V,1.46
FLSE6807_V,1.46
FLSE6807_V,1.46
FLSE6822_V,29.1
FLSE6822_V,29.1
FLSE6822_V,29.1
FLSE6822_V,29.1
FLSE8220_V,1.77
FLSE8220_V,1.77
FLSE8220_V,1.77
FLSE8220_V,1.77
FLSE9507_B,0.01
FLSE9507_B,0.01
FLSE9507_B,0.01
FLSE9508_B,0.05
FLSE9508_B,0.05
FLSE9508_B,0.05
FLSE9509_B,0.03
FLSE9509_B,0.03
FLSE9509_B,0.03
FLSE9521_B,1.12
FLSE9521_B,1.12
FLSE9521_B,1.12
FLSE9522_V,0.16
FLSE9522_V,0.16
FLSE9522_V,0.16
FLSE9522_V,0.16
FLSE9523_B,3.6
FLSE9523_B,3.6
FLSE9523_B,3.6
FLSE9524_B,0.25
FLSE9524_B,0.25
FLSE9524_B,0.25
FLSE9551_B,0.29
FLSE9551_B,0.29
FLSE9551_B,0.29
FLSE9551_B,0.29
FLSE9552_BO,0.01
FLSE9552_BO,0.01
FLSE9552_BO,0.01
FLSE9563_V,0.25
FLSE9563_V,0.25
FLSE9563_V,0.25
FLSE9563_V,0.25
FLSE9564_V,0.02
FLSE9564_V,0.02
FLSE9564_V,0.02
FLSE9564_V,0.02
FLSE9569_V,0.26
FLSE9569_V,0.26
FLSE9569_V,0.26
FLSE9569_V,0.26
FLSE9609_V,4.27
FLSE9609_V,4.27
FLSE9609_V,4.27
FLSE9609_V,4.27
FLSE9610_V,7.17
FLSE9613_V,3.52
FLSE9613_V,3.52
FLSE9613_V,3.52
FLSE9613_V,3.52
FLSE9617_V,7.48
FLSE9617_V,7.48
FLSE9617_V,7.48
FLSE9617_V,7.48
GASE8689_B,0.0796
GASE8689_B,0.0796
GASE8689_B,0.0796
GASE8689_B,0.0796
GASE8691_B,0.15
GASE8691_B,0.15
GASE8691_B,0.15
GASE8691_B,0.15
GASE8697_B,0.0181
GASE8697_B,0.0181
GASE8697_B,0.0181
GASE8697_B,0.0181
GASE8701_BO,0.0517
GASE8701_BO,0.0517
GASE8701_BO,0.0517
GASE8701_BO,0.0517
GASE8706_BO,0.067
GASE8706_BO,0.067
GASE8706_BO,0.067
GASE8706_BO,0.067
GASE8709_B,0.0359
GASE8709_B,0.0359
GASE8709_B,0.0359
GASE8709_B,0.0359
GASE9171_V,0.037
GASE9171_V,0.037
GASE9171_V,0.037
GASE9171_V,0.037
GASE9172_V,0.387
GASE9172_V,0.387
GASE9172_V,0.387
GASE9172_V,0.387
GASE9173_V,0.2
GASE9173_V,0.2
GASE9173_V,0.2
GASE9173_V,0.2
GASE9180_B,64.6
GASE9180_B,64.6
GASE9180_B,64.6
GASE9181_B,16.6
GASE9181_B,16.6
GASE9181_B,16.6
GASE9189_B,0.13
GASE9189_B,0.13
GASE9189_B,0.13
GASE9189_B,0.13
GASE9190_B,0.25
GASE9190_B,0.25
GASE9190_B,0.25
GASE9190_B,0.25
GASE9444_B,0.52
GASE9444_B,0.52
GASE9444_B,0.52
GASE9444_B,0.52
GASE9493_B,0.0561
GASE9493_B,0.0561
GASE9493_B,0.0561
GASE9493_B,0.0561
GASE9495_B,2.46
GASE9495_B,2.46
GASE9495_B,2.46
GASE9495_B,2.46
IAUB105,0.04
IAUB105,0.04
IAUB105,0.043
IAUB105,0.043
IAUB105,0.04
IAUB105,0.04
IAUB106,0.28
IAUB106,0.28
IAUB106,0.28
IAUB106,0.28
IAUB106,0.28
IAUB106,0.28
IAUB108,3.36
IAUB108,10.4
IAUB108,3.36
IAUB108,0.049
IAUB108,3.36
IAUB108,3.36
IAUB109,0.29
IAUB109,0.29
IAUB109,0.29
IAUB109,0.29
IAUB109,0.29
IAUB109,0.29
IAUB110,0.29
IAUB110,0.29
IAUB110,0.28
IAUB110,0.28
IAUB110,0.29
IAUB110,0.29
IAUB111,0.05
IAUB111,0.05
IAUB111,0.05
IAUB111,0.049
IAUB111,0.05
IAUB111,0.05
IAUB112,0.12
IAUB112,0.12
IAUB112,0.12
IAUB112,0.12
IAUB112,0.12
IAUB29,0.23
IAUB29,0.23
IAUB29,0.23
IAUB29,0.23
IAUB29,0.23
IAUB29,0.23
IAUB30,0.11
IAUB30,0.12
IAUB30,0.12
IAUB30,0.11
IAUB30,0.11
IAUB30,0.11
IAUB31,1.31
IAUB31,1.31
IAUB31,1.31
IAUB31,1.31
IAUB31,1.31
IAUB31,1.31
IAUV1867,225
IAUV1870,8.74
IAUV3341,3.13
IAUV3342,0.85
IAUV3343,0.77
ILNE8568_V,0.02
ILNE8568_V,0.02
ILNE8568_V,0.02
ILNE8568_V,0.02
ILNE8569_B,1.16
ILNE8569_B,1.16
ILNE8569_B,1.16
ILNE8569_B,1.16
ILNE8572_B,0.01
ILNE8572_B,0.01
ILNE8572_B,0.01
ILNE8572_B,0.01
ILNE8578_B,0.02
ILNE8578_B,0.02
ILNE8578_B,0.02
ILNE8578_B,0.02
ILNE8579_B,0.05
ILNE8579_B,0.05
ILNE8579_B,0.05
ILNE8579_B,0.05
ILUV3350,3.62
ILUV3353,2.87
ILUV3353,2.93
INNE667_V,29.479
INNE667_V,29.479
INNE667_V,29.479
INNE667_V,29.479
INNE752_B,37.346
INNE752_B,37.346
INNE752_B,37.346
INNE752_B,37.346
INNE8239_B,0.097
INNE8239_B,0.097
INNE8239_B,0.097
INNE8239_B,0.097
INNE8242_B,0.988
INNE8242_B,0.988
INNE8242_B,0.988
INNE8242_B,0.988
INNE8245_B,0.012
INNE8245_B,0.012
INNE8245_B,0.012
INNE8245_B,0.012
INNE8252_B,0.169
INNE8252_B,0.169
INNE8252_B,0.169
INNE8252_B,0.169
INNE8584_V,0.002
INNE8584_V,0.002
INNE8584_V,0.002
INNE8584_V,0.002
INNE8860_B,19.087
INNE8860_B,19.087
INNE8860_B,19.087
INNE8860_B,19.087
INNE9598_V,3.005
INNE9599_V,0.007
INNE9599_V,0.007
INNE9599_V,0.007
INNE9599_V,0.007
INNE9600_VO,0.017
INNE9602_V,298.466
INNE9603_V,81.584
INNE9603_V,81.584
INNE9603_V,81.584
INNE9603_V,81.584
INNE9604_V,223.097
INNE9604_V,223.097
INNE9604_V,223.097
INNE9604_V,223.097
INNE9606_V,0.715
INNE9606_V,0.715
INNE9606_V,0.715
INNE9606_V,0.715
INNE9607_V,0.011
INNE9607_V,0.011
INNE9607_V,0.011
INNE9607_V,0.011
INNE9608_V,0.048
KSCB102,0.75
KSCB102,0.76
KSCB102,0.76
KSCB102,0.75
KSCB102,0.75
KSCB102,0.75
KSCB103,3.72
KSCB103,3.72
KSCB103,3.69
KSCB103,0.06
KSCB103,3.72
KSCB103,3.72
KSCB104,2823.35
KSCB104,0.23
KSCB104,0.23
KSCB104,0.23
KSCB104,0.23
KSCB104,0.23
KSCB16,0.34
KSCB16,0.34
KSCB16,0.34
KSCB16,0.34
KSCB16,0.34
KSCB16,0.34
KSCB17,0.06
KSCB17,0.06
KSCB17,0.06
KSCB17,0.06
KSCB17,0.06
KSCB17,0.06
KSCB18,0.09
KSCB18,0.09
KSCB18,0.09
KSCB18,0.09
KSCB18,0.09
KSCB18,0.09
KSCB20,0.86
KSCB20,0.86
KSCB20,0.86
KSCB20,0.86
KSCB20,0.86
KSCB20,0.86
KSCB21,0.39
KSCB21,0.39
KSCB21,0.39
KSCB21,0.38
KSCB21,0.39
KSCB21,0.39
KSCB22,961.45
KSCB22,961.45
KSCB22,961.45
KSCB22,961.46
KSCB22,961.45
KSCB22,961.45
KSCB23,389.17
KSCB23,389.17
KSCB23,389.17
KSCB23,389.17
KSCB23,389.17
KSCB23,389.17
KSCB25,1.51
KSCB25,1.51
KSCB25,1.51
KSCB25,1.51
KSCB25,1.56
KSCB25,1.51
KSCB26,2002.44
KSCB26,2002.44
KSCB26,2002.44
KSCB26,2002.44
KSCB26,2002.44
KSCB26,2002.44
KSCB27,1969.52
KSCB27,1969.52
KSCB27,1969.52
KSCB27,1969.52
KSCB27,1969.52
KSCB27,1969.52
KSCB28,6.75
KSCB28,6.75
KSCB28,6.75
KSCB28,6.75
KSCB28,6.75
KSCB28,6.75
KSCV2959,0.47
KSCV3228,0.46
KSCV3231,0.3
KSCV3244,0.49
KSCV3245,0.29
KSCV3246,0.33
KSCV3247,0.36
KSCV3248,0.7
KSCV3250,0.06
KSCV730,1.62
KSCV814,115.82
KSUV2926,0.1
KSUV888,15.44
KSUV938,16.6
KSUV944,18.28
KYNE1767_V,10.6
KYNE1767_V,10.6
KYNE1767_V,10.6
KYNE1767_V,10.6
KYNE8221_B,0.36
KYNE8221_B,0.36
KYNE8221_B,0.36
KYNE8221_B,0.36
KYNE8224_B,0.0291
KYNE8224_B,0.0291
KYNE8224_B,0.0291
KYNE8224_B,0.0291
KYNE8228_B,0.0335
KYNE8228_B,0.0335
KYNE8228_B,0.0335
KYNE8228_B,0.0335
KYNE8231_B,0.29
KYNE8231_B,0.29
KYNE8231_B,0.29
KYNE8231_B,0.29
KYNE8234_B,0.37
KYNE8234_B,0.37
KYNE8234_B,0.37
KYNE8234_B,0.37
KYNE8235_B,0.0355
KYNE8235_B,0.0355
KYNE8235_B,0.0355
KYNE8235_B,0.0355
KYNE8236_B,0.0364
KYNE8236_B,0.0364
KYNE8236_B,0.0364
KYNE8236_B,0.0364
KYNE8255_B,0.0304
KYNE8255_B,0.0304
KYNE8255_B,0.0304
KYNE8255_B,0.0304
KYNE8386_B,5.83
KYNE8386_B,5.83
KYNE8386_B,5.83
KYNE8386_B,5.83
KYNE8388_B,0.57
KYNE8388_B,0.57
KYNE8388_B,0.57
KYNE8388_B,0.57
KYNE8785_B,0.0334
KYNE8785_B,0.0334
KYNE8785_B,0.0334
KYNE8785_B,0.0334
KYNE9129_B,0.3
KYNE9129_B,0.3
KYNE9129_B,0.3
KYNE9129_B,0.3
KYNE9566_V,0.4
KYNE9566_V,0.4
KYNE9566_V,0.4
KYNE9566_V,0.4
LASE9004_B,0.03
LASE9004_B,0.03
LASE9004_B,0.03
LASE9004_B,0.03
LASE9446_B,8.58
LASE9446_B,8.58
LASE9446_B,8.58
LASE9446_B,8.58
LASE9447_B,0.07
LASE9447_B,0.07
LASE9447_B,0.07
LASE9447_B,0.07
LASE9449_B,0.04
LASE9449_B,0.04
LASE9449_B,0.04
LASE9449_B,0.04
LASE9452_B,0.04
LASE9452_B,0.04
LASE9452_B,0.04
LASE9452_B,0.04
LASE9453_B,0.79
LASE9453_B,0.79
LASE9453_B,0.79
LASE9453_B,0.79
LASE9455_B,0.7
LASE9455_B,0.7
LASE9455_B,0.7
LASE9455_B,0.7
LASE9456_B,4.51
LASE9456_B,4.51
LASE9456_B,4.51
LASE9456_B,4.51
LASE9457_B,8.88
LASE9457_B,8.88
LASE9457_B,8.88
LASE9457_B,8.88
LASE9462_B,0.13
LASE9462_B,0.13
LASE9462_B,0.13
LASE9462_B,0.13
MANE8868_BO,1.91
MANE8868_BO,1.91
MANE8868_BO,1.91
MANE8868_BO,1.91
MANE8952_V,0.085
MANE8952_V,0.085
MANE8952_V,0.085
MANE8952_V,0.085
MANE8955_V,0.25
MANE8955_V,0.25
MANE8955_V,0.25
MANE8955_V,0.25
MANE9515_B,0.58
MANE9515_B,0.58
MANE9515_B,0.58
MANE9515_B,0.58
MANE9517_B,0.585
MANE9517_B,0.585
MANE9517_B,0.585
MANE9517_B,0.585
MDNE3514_B,4.63
MDNE3514_B,4.63
MDNE3514_B,4.63
MDNE3514_B,4.63
MDNE8173_V,0.0404
MDNE8173_V,0.0404
MDNE8173_V,0.0404
MDNE8173_V,0.0404
MDNE8175_V,0.0156
MDNE8175_V,0.0156
MDNE8175_V,0.0156
MDNE8175_V,0.0156
MDNE9047_B,7.71
MDNE9047_B,7.71
MDNE9047_B,7.71
MDNE9047_B,7.71
MDNE9116_V,0.017
MDNE9116_V,0.017
MDNE9116_V,0.017
MDNE9116_V,0.017
MDNE9117_V,0.12
MDNE9117_V,0.12
MDNE9117_V,0.12
MDNE9117_V,0.12
MDNE9119_V,0.0414
MDNE9119_V,0.0414
MDNE9119_V,0.0414
MDNE9119_V,0.0414
MDNE9120_V,0.032
MDNE9120_V,0.032
MDNE9120_V,0.032
MDNE9120_V,0.032
MDNE9124_V,0.0214
MDNE9124_V,0.0214
MDNE9124_V,0.0214
MDNE9124_V,0.0214
MDNE9684_V,0.35
MDNE9684_V,0.35
MDNE9684_V,0.35
MDNE9684_V,0.35
MDNE9685_V,0.0395
MDNE9685_V,0.0395
MDNE9685_V,0.0395
MDNE9685_V,0.0395
MENE4957_V,1.36
MENE4957_V,1.36
MENE4957_V,1.36
MENE4957_V,1.36
MENE4960_V,0.11
MENE4960_V,0.11
MENE4960_V,0.11
MENE4960_V,0.11
MENE4961_V,0.06
MENE4961_V,0.06
MENE4961_V,0.06
MENE4961_V,0.06
MENE8880_B,0.01
MENE8880_B,0.01
MENE8880_B,0.01
MENE8880_B,0.01
MENE8881_B,0.03
MENE8881_B,0.03
MENE8881_B,0.03
MENE8881_B,0.03
MENE8948_B,0.27
MENE8948_B,0.27
MENE8948_B,0.27
MENE8948_B,0.27
MENE8950_B,0.6
MENE8950_B,0.6
MENE8950_B,0.6
MENE8950_B,0.6
MINE1099_B,10.9
MINE1099_B,10.9
MINE1099_B,10.9
MINE1099_B,10.9
MINE1125_V,17.5
MINE1125_V,17.5
MINE1125_V,17.5
MINE1125_V,17.5
MINE1140_V,89.3
MINE1140_V,89.3
MINE1140_V,89.3
MINE1140_V,89.3
MINE8825_V,0.2
MINE8825_V,0.2
MINE8825_V,0.2
MINE8825_V,0.2
MINE8835_V,2.9
MINE8835_V,2.9
MINE8835_V,2.9
MINE8835_V,2.9
MINE8886_BO,0.07
MINE8886_BO,0.07
MINE8886_BO,0.07
MINE8886_BO,0.07
MINE8887_B,0.05
MINE8887_B,0.05
MINE8887_B,0.05
MINE8887_B,0.05
MINE9108_B,0.1
MINE9108_B,0.1
MINE9108_B,0.1
MINE9108_B,0.1
MIUV2817,3.54
MIUV3337,0.07
MIUV3339,0.14
MIUV3340,0.11
MNUB10,10.92
MNUB10,10.92
MNUB10,10.92
MNUB10,10.92
MNUB10,10.92
MNUB119,0.4
MNUB119,0.4
MNUB119,0.4
MNUB119,0.39
MNUB119,0.4
MNUB119,0.4
MNUB17,0.42
MNUB17,0.43
MNUB17,0.42
MNUB17,0.43
MNUB17,0.43
MNUB17,0.43
MNUB26,0.11
MNUB26,0.11
MNUB26,0.11
MNUB26,0.11
MNUB26,0.11
MNUB26,0.11
MNUB27,4.48
MNUB27,4.48
MNUB27,4.48
MNUB27,4.48
MNUB27,4.48
MNUB4,0.28
MNUB4,0.27
MNUB4,0.27
MNUB4,0.27
MNUB4,0.27
MNUB4,0.27
MNUB44,0.13
MNUB44,0.13
MNUB44,0.14
MNUB44,0.13
MNUB44,0.13
MNUB44,0.13
MNUB45,460.02
MNUB45,460.03
MNUB45,460.02
MNUB45,460.02
MNUB45,460.02
MNUB45,460.02
MNUB6,9.5
MNUB6,9.5
MNUB6,9.5
MNUB6,9.5
MNUB6,9.5
MNUB6,9.5
MNUB8,1.93
MNUB8,1.91
MNUB8,1.93
MNUB8,1.91
MNUB8,1.91
MNUB8,1.91
MNUV2065,15.17
MNUV3334,6.62
MNUV3334,6.55
MNUV3335,16.14
MONE313_V,10.7
MONE313_V,10.7
MONE313_V,10.7
MONE313_V,10.7
MONE349_V,8.7
MONE350_V,5.17
MONE350_V,5.17
MONE350_V,5.17
MONE350_V,5.17
MONE357_V,8.41
MONE357_V,8.41
MONE357_V,8.41
MONE357_V,8.41
MONE359_V,6.95
MONE359_V,6.95
MONE359_V,6.95
MONE359_V,6.95
MONE363_V,30
MONE7985_B,0.95
MONE7985_B,0.95
MONE7985_B,0.95
MONE7985_B,0.95
MONE7991_B,0.0959
MONE7991_B,0.0959
MONE7991_B,0.0959
MONE9103_B,396
MONE9103_B,396
MONE9103_B,396
MONE9103_B,396
MSSE5683_B,106
MSSE5683_B,106
MSSE5683_B,106
MSSE8726_B,0.0175
MSSE8726_B,0.0175
MSSE8726_B,0.0175
MSSE8727_B,0.12
MSSE8727_B,0.12
MSSE8727_B,0.12
MSSE8803_B,8.33
MSSE8803_B,8.33
MSSE8803_B,8.33
MSSE8806_B,1.35
MSSE8806_B,1.35
MSSE8806_B,1.35
MSSE8818_B,0.0205
MSSE8818_B,0.0205
MSSE8818_B,0.0205
MSSE8847_B,0.011
MSSE8847_B,0.011
MSSE8847_B,0.011
MSSE8848_B,0.38
MSSE8848_B,0.38
MSSE8848_B,0.38
MSSE9550_B,0.02
MSSE9550_B,0.02
MSSE9550_B,0.02
MSSE9555_V,0.12
MSSE9555_V,0.12
MSSE9555_V,0.12
MSSE9555_V,0.12
MSSE9556_V,0.0138
MSSE9556_V,0.0138
MSSE9556_V,0.0138
MSSE9556_V,0.0138
MSSE9557_V,0.12
MSSE9557_V,0.12
MSSE9557_V,0.12
MSSE9557_V,0.12
MTNB14,0.27
MTNB14,0.4
MTNB14,0.26
MTNB14,0.21
MTNB14,0.12
MTNB14,0.13
MTNB15,0.27
MTNB15,0.17
MTNB15,0.03
MTNB15,0.03
MTNB15,0.02
MTNB15,0.02
MTNB19,0.27
MTNB19,0.26
MTNB19,0.04
MTNB19,0.04
MTNB19,0.09
MTNB19,0.06
MTNB22,0.15
MTNB22,0.2
MTNB22,0.05
MTNB22,0.09
MTNB22,0.21
MTNB22,0.05
MTNB28,0.18
MTNB28,0.25
MTNB28,0.12
MTNB28,0.03
MTNB28,0.04
MTNB28,0.03
MTNB29,0.04
MTNB29,1.72
MTNB29,0.04
MTNB29,0.02
MTNB29,0.05
MTNB29,0.04
MTNB3,0.15
MTNB3,0.09
MTNB3,0.02
MTNB3,0.09
MTNB3,0.07
MTNB3,0.07
MTNB33,0.1
MTNB33,0.12
MTNB33,0.12
MTNB33,0.1
MTNB33,0.12
MTNB33,0.07
MTNB4,0.16
MTNB4,0.11
MTNB4,0.03
MTNB4,0.11
MTNB4,0.1
MTNB4,0.04
MTNB42,1.4
MTNB42,0.74
MTNB42,0.21
MTNB42,0.08
MTNB42,0.31
MTNB42,0.21
MTNB45,0.75
MTNB45,0.26
MTNB45,0.28
MTNB45,0.21
MTNB45,0.11
MTNB45,0.09
MTNB5,0.65
MTNB5,0.14
MTNB5,0.08
MTNB5,0.06
MTNB5,0.07
MTNB5,0.05
MTNB8,0.43
MTNB8,0.14
MTNB8,0.03
MTNB8,0.08
MTNB8,0.25
MTNB8,0.09
MTNV1001,0.74
MTNV1018,0.02
MTNV1035,3.65
MTNV1044,6.38
MTNV1050,52.9
MTNV2975,1.11
MTNV2976,0.66
MTNV990,0.07
MTWM1563,0.04
MTWM1569,0.08
MTWM1711,0.98
MTWM1726,0.06
MTWM1736,1.33
MTWM1753,0.08
MTWM1785,0.17
MTWM1813,0.11
MTWM1815,0.06
MTWM1835,0.04
MTWM1840,0.02
MTWM1904,0.9
MTWM1905,0.18
MTWM1906,0.17
MTWM1907,0.06
MTWM1908,0.15
MTWM1910,0.16
NCSE9061_B,0.0947
NCSE9061_B,0.0947
NCSE9061_B,0.0947
NCSE9065_B,0.00429
NCSE9065_B,0.00429
NCSE9065_B,0.00429
NCSE9065_B,0.00429
NCSE9069_B,0.00283
NCSE9069_B,0.00283
NCSE9069_B,0.00283
NCSE9069_B,0.00283
NCSE9077_B,0.0385
NCSE9077_B,0.0385
NCSE9077_B,0.0385
NCSE9077_B,0.0385
NCSE9079_B,0.0224
NCSE9079_B,0.0224
NCSE9079_B,0.0224
NCSE9079_B,0.0224
NCSE9086_B,0.0292
NCSE9086_B,0.0292
NCSE9086_B,0.0292
NCSE9086_B,0.0292
NCSE9087_B,3.62
NCSE9087_B,3.62
NCSE9087_B,3.62
NCSE9087_B,3.62
NDNV2938,31.8
NDNV2938,0.21
NDNV2941,26.2
NDNV3351,0.33
NDNV3352,3.22
NDUB123,0.19
NDUB123,0.19
NDUB123,0.72
NDUB123,0.19
NDUB123,0.19
NDUB123,0.19
NDUB124,13.6
NDUB124,13.6
NDUB124,13.6
NDUB124,13.6
NDUB124,13.6
NDUB124,13.6
NDUB125,0.89
NDUB125,0.89
NDUB125,0.89
NDUB125,0.89
NDUB125,0.89
NDUB125,0.89
NDUB13,1.34
NDUB13,1.34
NDUB13,1.34
NDUB13,1.34
NDUB13,1.34
NDUB13,1.34
NDUB5,12.8
NDUB5,25.9
NDUB5,0.26
NDUB5,38.8
NDUB5,38.8
NDUB5,25.9
NDUB9,3.18
NDUV3319,0.48
NDUV3319,0.47
NDUV3320,14.3
NDUV3321,125
NDUV3323,659
NDUV3331,0.039
NDUV3331,0.23
NDUV3333,0.22
NECB133,0.1
NECB133,0.28
NECB133,0.09
NECB133,0.03
NECB133,0.03
NECB133,0.1
NECB134,0.04
NECB134,0.08
NECB134,0.05
NECB134,0.03
NECB134,0.03
NECB134,0.03
NECB135,1.3
NECB135,0.07
NECB135,0.07
NECB135,0.06
NECB135,0.06
NECB135,0.07
NECB31,1.14
NECB31,0.48
NECB31,0.24
NECB31,0.23
NECB31,0.38
NECB31,3.04
NECV1198,14.4
NECV1211,0.08
NECV1249,22.9
NECV1274,11.3
NENV1222,0.77
NEUB114,0.21
NEUB114,0.21
NEUB114,0.04
NEUB114,0.04
NEUB114,0.15
NEUB115,0.03
NEUB116,0.12
NEUB116,0.08
NEUB116,0.04
NEUB116,0.05
NEUB116,0.04
NEUB116,0.05
NEUB117,0.12
NEUB117,0.04
NEUB117,0.07
NEUB117,0.09
NEUB117,0.03
NEUB117,0.04
NHNE8900_V,0.018
NHNE8903_V,0.05
NHNE8903_V,0.05
NHNE8903_V,0.05
NHNE8903_V,0.05
NHNE8905_V,0.02
NHNE8905_V,0.02
NHNE8905_V,0.02
NHNE8905_V,0.02
NHNE9034_BO,0.06
NHNE9034_BO,0.06
NHNE9034_BO,0.06
NHNE9034_BO,0.06
NHNE9035_BO,0.09
NHNE9035_BO,0.09
NHNE9035_BO,0.09
NHNE9035_BO,0.09
NHNE9627_V,0.05
NHNE9628_V,0.81
NHNE9628_V,0.81
NHNE9628_V,0.81
NHNE9628_V,0.81
NHNE9674_V,0.12
NHNE9675_V,0.07
NHNE9676_V,0.03
NMAW1261,184
NMAW1266,412
NMAW1273,43.1
NMAW1274,11.6
NMAW1278,454
NMAW1279,56.7
NMAW1284,835
NMAW1291,130
NMAW1292,942
NMAW1293,0.2
NMAW1294,0.066
NMAW1295,206
NMAW1296,428
NMAW1299,0.17
NMCB33,0.51
NMCB33,0.52
NMCB33,0.52
NMCB33,0.52
NMCB33,0.52
NMCB33,0.52
NMCB33,0.52
NMCB34,0.17
NMCB34,0.14
NMCB34,0.14
NMCB34,0.14
NMCB34,0.16
NMCB34,0.14
NMCB35,3.88
NMCB35,3.89
NMCB35,3.88
NMCB35,3.89
NMCB35,3.89
NMCB35,3.88
NMCV11,90.8
NMCV45,11.6
NMCV46,67.7
NMSB118,14.9
NMSB118,15
NMSB118,15
NMSB118,14.9
NMSB118,14.9
NMSB118,14.9
NMSB2,326
NMSB2,326
NMSB2,326
NMSB2,326
NMSB2,326
NMSB2,326
NMSB3,0.43
NMSB3,0.43
NMSB3,0.43
NMSB3,0.43
NMSB3,0.43
NMSB3,0.43
NMSB4,9.73
NMSB4,9.73
NMSB4,9.73
NMSB4,9.73
NMSB4,9.73
NMSB4,9.73
NMSV32,925
NMSV65,292
NMWM1300,116
NMWM1300,116
NMWM1300,116
NMWM1300,116
NMWM1301,0.05
NMWM1301,220
NMWM1301,220
NMWM1301,220
NMWM1302,153
NMWM1303,0.04
NMWM1303,218
NMWM1311,9.08
NMWM1314,80.5
NMWM1314,80.5
NMWM1314,80.5
NMWM1314,80.5
NMWM1316,92.3
NMWM1318,3.38
NMWM1318,3.38
NMWM1318,3.38
NMWM1318,3.38
NMWM1319,4.68
NMWM1319,4.68
NMWM1319,4.68
NMWM1319,4.68
NMWM1320,0.32
NMWM1333,8.12
NMWM1335,0.33
NMWM1335,0.33
NMWM1335,0.33
NMWM1335,0.33
NMWM1856,97.5
NMWM1857,0.11
NVAW1190,0.04
NVAW1191,0.54
NVAW1193,0.03
NVAW1204,0.31
NVAW1205,0.3
NVAW1205,0.3
NVAW1206,0.05
NVAW1206,0.05
NVAW1207,0.98
NVAW1210,0.31
NVAW1210,0.31
NVAW1211,0.09
NVAW1212,0.62
NVAW1212,0.62
NVAW1231,0.83
NVAW1231,0.83
NVAW1234,0.18
NVAW1236,0.05
NVAW1237,0.03
NVAW1238,0.19
NVAW1242,0.43
NVAW1242,0.49
NVAW1243,0.34
NVAW1244,0.19
NVAW1245,0.21
NVAW1247,0.5
NVWM1255,0.07
NVWM1255,0.05
NVWM1255,0.05
NVWM1255,0.05
NYNE4129_V,0.36
NYNE4129_V,0.36
NYNE4129_V,0.36
NYNE4129_V,0.36
NYNE8602_B,0.34
NYNE8602_B,0.34
NYNE8602_B,0.34
NYNE8602_B,0.34
NYNE8942_B,0.17
NYNE8942_B,0.17
NYNE8942_B,0.17
NYNE8942_B,0.17
NYNE8943_B,19
NYNE8943_B,19
NYNE8943_B,19
NYNE8943_B,19
NYNE9027_B,0.5
NYNE9027_B,0.5
NYNE9027_B,0.5
NYNE9027_B,0.5
NYNE9028_B,0.45
NYNE9028_B,0.45
NYNE9028_B,0.45
NYNE9028_B,0.45
NYNE9030_B,0.21
NYNE9030_B,0.21
NYNE9030_B,0.21
NYNE9030_B,0.21
NYNE9032_B,0.0378
NYNE9032_B,0.0378
NYNE9032_B,0.0378
NYNE9032_B,0.0378
NYNE9111_B,0.15
NYNE9111_B,0.15
NYNE9111_B,0.15
NYNE9111_B,0.15
NYNE9549_B,0.0363
NYNE9549_B,0.0363
NYNE9549_B,0.0363
NYNE9549_B,0.0363
OHNE8283_B,0.0526
OHNE8283_B,0.0526
OHNE8283_B,0.0526
OHNE8283_B,0.0526
OHNE8288_B,0.0487
OHNE8288_B,0.0487
OHNE8288_B,0.0487
OHNE8288_B,0.0487
OHNE8419_B,0.0369
OHNE8419_B,0.0369
OHNE8419_B,0.0369
OHNE8419_B,0.0369
OHNE8437_B,0.24
OHNE8437_B,0.24
OHNE8437_B,0.24
OHNE8437_B,0.24
OHNE8465_B,0.0382
OHNE8465_B,0.0382
OHNE8465_B,0.0382
OHNE8465_B,0.0382
OHNE8466_B,0.0104
OHNE8466_B,0.0104
OHNE8466_B,0.0104
OHNE8466_B,0.0104
OHNE8471_B,0.00339
OHNE8471_B,0.00339
OHNE8471_B,0.00339
OHNE8471_B,0.00339
OHNE8563_B,0.11
OHNE8563_B,0.11
OHNE8563_B,0.11
OHNE8563_B,0.11
OHNE8605_V,0.0491
OHNE8605_V,0.0491
OHNE8605_V,0.0491
OHNE8605_V,0.0491
OHNE8607_V,0.94
OHNE8607_V,0.94
OHNE8607_V,0.94
OHNE8607_V,0.94
OHNE8621_V,0.00601
OHNE8621_V,0.00601
OHNE8621_V,0.00601
OHNE8621_V,0.00601
OHNE8633_B,0.0354
OHNE8633_B,0.0354
OHNE8633_B,0.0354
OHNE8633_B,0.0354
OHNE8636_V,0.0627
OHNE8640_V,0.00864
OHNE8640_V,0.00864
OHNE8640_V,0.00864
OHNE8640_V,0.00864
OHNE8644_V,0.00634
OHNE8644_V,0.00634
OHNE8644_V,0.00634
OHNE8644_V,0.00634
OHNE9125_B,0.24
OHNE9125_B,0.24
OHNE9125_B,0.24
OHNE9125_B,0.24
OHNE9126_B,0.00893
OHNE9126_B,0.00893
OHNE9126_B,0.00893
OHNE9126_B,0.00893
OHNE9127_B,0.0454
OHNE9127_B,0.0454
OHNE9127_B,0.0454
OHNE9127_B,0.0454
OHNE9128_B,0.0276
OHNE9128_B,0.0276
OHNE9128_B,0.0276
OHNE9128_B,0.0276
OKCB105,3.34
OKCB105,0.53
OKCB105,0.12
OKCB37,32.4
OKCB37,1.07
OKCB37,0.65
OKCB37,0.21
OKCB37,0.49
OKCB37,0.08
OKCB38,1.44
OKCB38,0.22
OKCB38,0.38
OKCB38,0.26
OKCB39,2.4
OKCB39,0.01
OKCB39,0.01
OKCB39,0.01
OKCB39,0.01
OKCB39,0.01
OKCB40,0.28
OKCB40,0.24
OKCB40,0.25
OKCB40,0.25
OKCB40,0.16
OKCB40,0.26
OKCB41,8.64
OKCB41,0.88
OKCB41,3.98
OKCB41,0.54
OKCB41,0.37
OKCB41,1.69
OKCB42,0.98
OKCB42,0.45
OKCB43,3.67
OKCB43,0.73
OKCB43,0.03
OKCB43,0.43
OKCB43,0.03
OKCB43,0.45
OKCV1073,0.63
OKNE54_V,6.07
OKNE54_V,6.07
OKNE54_V,6.07
OKNE54_V,6.07
OKNE8133_B,1.38
OKNE8133_B,1.38
OKNE8133_B,1.38
OKNE8133_B,1.38
OKNE9107_B,7.45
OKNE9107_B,7.45
OKNE9107_B,7.45
OKNE9107_B,7.45
OKNE9249_V,0.78
OKNE9249_V,0.78
OKNE9249_V,0.78
OKNE9249_V,0.78
OKNE9439_B,0.014
OKNE9439_B,0.014
OKNE9439_B,0.014
OKNE9439_B,0.014
OKNE9440_B,0.04
OKNE9440_B,0.04
OKNE9440_B,0.04
OKNE9440_B,0.04
OKSE9161_B,0.04
OKSE9161_B,0.04
OKSE9161_B,0.04
OKSE9161_B,0.04
OKSE9162_B,0.17
OKSE9162_B,0.17
OKSE9162_B,0.17
OKSE9162_B,0.17
OKSE9266_B,0.69
OKSE9266_B,0.69
OKSE9266_B,0.69
OKSE9266_B,0.69
OKSE9291_BO,0.5
OKSE9291_BO,0.5
OKSE9291_BO,0.5
OKSE9291_BO,0.5
OKSE9323_B,22.1
OKSE9323_B,22.1
OKSE9323_B,22.1
OKSE9323_B,22.1
OKSE9354_B,109.72
OKSE9354_B,109.72
OKSE9354_B,109.72
OKSE9354_B,109.72
OKSE9559_V,0.28
OKSE9559_V,0.28
OKSE9559_V,0.28
OKSE9559_V,0.28
OKSE9560_VO,1.12
OKSE9561_V,0.68
OKSE9561_V,0.68
OKSE9561_V,0.68
OKSE9561_V,0.68
OKSE9562_V,0.25
OKSE9562_V,0.25
OKSE9562_V,0.25
OKSE9562_V,0.25
OKSE9672_V,119.47
OKSE9672_V,119.47
OKSE9672_V,119.47
OKSE9672_V,119.47
PANE0567_V,2.1
PANE0567_V,2.1
PANE0567_V,2.1
PANE0567_V,2.1
PANE3138_V,0.99
PANE3138_V,0.99
PANE3138_V,0.99
PANE3138_V,0.99
PANE3234_V,0.0735
PANE3338_V,274
PANE3338_V,274
PANE3338_V,274
PANE3338_V,274
PANE3345_V,55.8
PANE8933_B,0.0353
PANE8933_B,0.0353
PANE8933_B,0.0353
PANE8933_B,0.0353
PANE9044_B,0.057
PANE9044_B,0.057
PANE9044_B,0.057
PANE9044_B,0.057
PANE9045_B,0.045
PANE9045_B,0.045
PANE9045_B,0.045
PANE9045_B,0.045
PANE9679_V,2.76
PANE9679_V,2.76
PANE9679_V,2.76
PANE9679_V,2.76
PANE9681_V,0.0468
PANE9681_V,0.0468
PANE9681_V,0.0468
PANE9681_V,0.0468
PANE9682_V,0.028
PANE9682_V,0.028
PANE9682_V,0.028
PANE9682_V,0.028
PANE9683_V,0.0414
PANE9683_V,0.0414
PANE9683_V,0.0414
PANE9683_V,0.0414
RINE4437_B,0.0454
RINE4437_B,0.0454
RINE4437_B,0.0454
RINE4437_B,0.0454
RINE9474_B,0.74
RINE9474_B,0.74
RINE9474_B,0.74
RINE9474_B,0.74
RINE9475_B,0.062
RINE9475_B,0.062
RINE9475_B,0.062
RINE9475_B,0.062
SCSE7520_V,4.44
SCSE7520_V,4.44
SCSE7520_V,4.44
SCSE7520_V,4.44
SCSE7996_V,22.7
SCSE7996_V,22.7
SCSE7996_V,22.7
SCSE7996_V,22.7
SCSE7998_V,19.8
SCSE7998_V,19.8
SCSE7998_V,19.8
SCSE7998_V,19.8
SCSE8000_V,0.7
SCSE8000_V,0.7
SCSE8000_V,0.7
SCSE8000_V,0.7
SCSE8328_V,0.00655
SCSE8328_V,0.00655
SCSE8328_V,0.00655
SCSE8328_V,0.00655
SCSE8333_V,0.0581
SCSE8333_V,0.0581
SCSE8333_V,0.0581
SCSE8333_V,0.0581
SCSE8336_B,0.0556
SCSE8336_B,0.0556
SCSE8336_B,0.0556
SCSE8336_B,0.0556
SCSE8343_B,0.0154
SCSE8343_B,0.0154
SCSE8343_B,0.0154
SCSE8343_B,0.0154
SCSE8347_B,0.12
SCSE8347_B,0.12
SCSE8347_B,0.12
SCSE8347_B,0.12
SCSE8353_B,0.37
SCSE8353_B,0.37
SCSE8353_B,0.37
SCSE8353_B,0.37
SCSE8359_B,0.31
SCSE8359_B,0.31
SCSE8359_B,0.31
SCSE8359_B,0.31
SCSE8361_B,0.49
SCSE8361_B,0.49
SCSE8361_B,0.49
SCSE8361_B,0.49
SCSE8363_B,0.00756
SCSE8363_B,0.00756
SCSE8363_B,0.00756
SCSE8363_B,0.00756
SCSE8377_B,0.33
SCSE8377_B,0.33
SCSE8377_B,0.33
SCSE8377_B,0.33
SCSE8745_B,0.0364
SCSE8745_B,0.0364
SCSE8745_B,0.0364
SCSE8745_B,0.0364
SCSE8746_B,0.0031
SCSE8746_B,0.0031
SCSE8746_B,0.0031
SCSE8746_B,0.0031
SCSE9134_B,0.0121
SCSE9134_B,0.0121
SCSE9134_B,0.0121
SCSE9134_B,0.0121
SCSE9174_V,0.0681
SCSE9174_V,0.0681
SCSE9174_V,0.0681
SCSE9174_V,0.0681
SCSE9178_V,0.0209
SCSE9178_V,0.0209
SCSE9178_V,0.0209
SCSE9178_V,0.0209
SCSE9420_V,0.0635
SCSE9420_V,0.0635
SCSE9420_V,0.0635
SCSE9420_V,0.0635
SCSE9424_V,0.00857
SCSE9424_V,0.00857
SCSE9424_V,0.00857
SCSE9424_V,0.00857
SCSE9441_B,3.15
SCSE9441_B,3.15
SCSE9441_B,3.15
SCSE9441_B,3.15
SDNB148,1006.34
SDNB148,1006.32
SDNB148,1006.34
SDNB148,1006.34
SDNB148,1006.34
SDNB148,1006.34
SDNB149,0.54
SDNB149,0.54
SDNB149,0.53
SDNB149,0.53
SDNB149,0.54
SDNB149,0.54
SDNB150,0.15
SDNB150,0.15
SDNB150,0.14
SDNB150,0.14
SDNB150,0.15
SDNB150,0.15
SDNB16,2.88
SDNB16,1.66
SDNB16,3.93
SDNB16,0.07
SDNB16,0.07
SDNB16,0.07
SDNB27,5.19
SDNB27,2991.03
SDNB27,2991.6
SDNB27,2991.6
SDNB27,2991.6
SDNB27,2991.6
SDNB36,0.08
SDNB36,0.09
SDNB36,0.09
SDNB37,0.1
SDNB37,0.09
SDNB37,0.09
SDNB37,0.11
SDNB37,0.11
SDNB37,0.11
SDNB38,11.14
SDNB38,11.14
SDNB38,11.14
SDNB38,11.14
SDNB38,11.14
SDNB38,11.14
SDNB39,5.91
SDNB39,5.91
SDNB39,5.91
SDNB39,5.91
SDNB39,5.91
SDNB39,5.91
SDNB40,0.22
SDNB40,0.22
SDNB40,0.22
SDNB40,0.22
SDNB40,0.22
SDNB40,0.22
SDNB43,1302.31
SDNB43,1302.4
SDNB43,1302.4
SDNV1413,73.72
SDNV1439,9.81
SDNV1446,420.16
SDNV1470,247.2
SDNV1472,41.21
SDNV1503,747.37
SDNV2956,5.98
SDNV2956,6.01
SDUB1,71.48
SDUB1,71.48
SDUB1,71.48
SDUB1,71.48
SDUB1,71.48
SDUB1,71.48
SDUB120,0.2
SDUB120,1.96
SDUB120,1.96
SDUB120,1.76
SDUB120,0.2
SDUB120,1.96
SDUB121,0.04
SDUB121,0.08
SDUB121,0.04
SDUB121,0.04
SDUB121,0.04
SDUB121,0.04
SDUB2,1.06
SDUB2,1.06
SDUB2,1.06
SDUB2,1.06
SDUB2,1.06
SDUB2,1.06
SDUB24,1.31
SDUB24,1.31
SDUB24,1.31
SDUB24,1.31
SDUB24,1.31
SDUB24,1.31
SDUB25,13.31
SDUB25,0.06
SDUB25,13.31
SDUB25,13.31
SDUB25,13.31
SDUB25,13.31
SDUB28,0.1
SDUB28,0.04
SDUB28,0.04
SDUV1557,620.1
SDUV1570,405.67
TNNE2131_V,7.41
TNNE2131_V,7.41
TNNE2131_V,7.41
TNNE2131_V,7.41
TNNE2132_B,10.07
TNNE2132_B,10.07
TNNE2132_B,10.07
TNNE2132_B,10.07
TNNE7972_B,0.09
TNNE7972_B,0.09
TNNE7972_B,0.09
TNNE7972_B,0.09
TNNE8762_B,0.04
TNNE8762_B,0.04
TNNE8762_B,0.04
TNNE8762_B,0.04
TNNE8765_B,0.03
TNNE8765_B,0.03
TNNE8765_B,0.03
TNNE8765_B,0.03
TNNE9094_B,0.18
TNNE9094_B,0.18
TNNE9094_B,0.18
TNNE9094_B,0.18
TNNE9097_B,0.01
TNNE9097_B,0.01
TNNE9097_B,0.01
TNNE9097_B,0.01
TNNE9109_B,0.06
TNNE9109_B,0.06
TNNE9109_B,0.06
TNNE9109_B,0.06
TNNE9463_B,0.05
TNNE9463_B,0.05
TNNE9463_B,0.05
TNNE9463_B,0.05
TNNE9464_B,0.02
TNNE9464_B,0.02
TNNE9464_B,0.02
TNNE9464_B,0.02
TNNE9487_B,0.04
TNNE9487_B,0.04
TNNE9487_B,0.04
TNNE9487_B,0.04
TNNE9489_B,0.11
TNNE9489_B,0.11
TNNE9489_B,0.11
TNNE9489_B,0.11
TNNE9490_V,15.99
TNNE9490_V,15.99
TNNE9490_V,15.99
TNNE9490_V,15.99
TNNE9512_B,0.04
TNNE9512_B,0.04
TNNE9512_B,0.04
TNNE9512_B,0.04
TNNE9513_B,0.03
TNNE9513_B,0.03
TNNE9513_B,0.03
TNNE9513_B,0.03
TXCB127,0.22
TXCB127,0.29
TXCB127,0.27
TXCB127,0.02
TXCB127,0.03
TXCB127,0.05
TXCB128,1.09
TXCB128,0.08
TXCB128,0.08
TXCB128,0.01
TXCB128,0.06
TXCB128,0.09
TXCB129,1.05
TXCB129,0.1
TXCB129,0.01
TXCB129,0.08
TXCB129,0.06
TXCB130,0.72
TXCB130,0.24
TXCB130,0.07
TXCB130,0.09
TXCB130,0.01
TXCB130,0.07
TXCB54,27
TXCB54,19.4
TXCB54,8.2
TXCB54,0.15
TXCB54,0.25
TXCB54,0.17
TXCB55,11.2
TXCB55,0.54
TXCB55,1.63
TXCB55,13.9
TXCB55,1.62
TXCB55,3
TXCV122,1.82
TXCV123,0.02
TXCV164,2.36
TXSB10,1.05
TXSB10,0.03
TXSB10,0.13
TXSB10,0.08
TXSB10,0.05
TXSB10,0.1
TXSB109,2.08
TXSB109,0.18
TXSB109,0.34
TXSB109,0.42
TXSB109,0.07
TXSB109,0.13
TXSB11,0.18
TXSB11,0.04
TXSB11,0.04
TXSB11,0.03
TXSB11,0.03
TXSB11,0.04
TXSB111,1.39
TXSB111,3.32
TXSB111,1.99
TXSB111,0.36
TXSB111,0.49
TXSB111,0.93
TXSB113,1.05
TXSB113,16.9
TXSB113,0.11
TXSB113,0.37
TXSB113,0.12
TXSB113,0.14
TXSB119,7.82
TXSB119,1.34
TXSB119,0.14
TXSB119,0.15
TXSB119,0.08
TXSB119,0.08
TXSB12,0.38
TXSB12,0.05
TXSB12,0.03
TXSB12,0.08
TXSB12,0.09
TXSB12,0.16
TXSB13,0.39
TXSB13,0.05
TXSB13,0.1
TXSB13,0.04
TXSB13,0.02
TXSB13,0.13
TXSB130,8.67
TXSB130,0.14
TXSB130,0.21
TXSB130,0.1
TXSB130,0.03
TXSB130,0.14
TXSB131,6.05
TXSB131,0.52
TXSB131,0.13
TXSB131,0.13
TXSB131,0.1
TXSB131,0.08
TXSB14,2.55
TXSB14,0.77
TXSB14,1.2
TXSB14,0.14
TXSB14,0.08
TXSB14,0.16
TXSB15,8.07
TXSB15,3.12
TXSB15,1.15
TXSB15,0.32
TXSB15,0.02
TXSB15,0.19
TXSB16,1.04
TXSB16,0.31
TXSB16,0.2
TXSB16,0.07
TXSB16,0.1
TXSB16,0.07
TXSB17,0.17
TXSB17,0.17
TXSB17,0.19
TXSB17,0.13
TXSB17,0.09
TXSB17,0.28
TXSB19,3.73
TXSB19,8.12
TXSB19,0.97
TXSB19,0.07
TXSB19,0.07
TXSB19,0.07
TXSB20,6.6
TXSB20,4.75
TXSB20,0.17
TXSB20,0.14
TXSB20,0.13
TXSB20,0.66
TXSB21,0.98
TXSB21,0.81
TXSB21,0.06
TXSB21,0.05
TXSB21,1.86
TXSB21,2.37
TXSB26,6.69
TXSB26,3.56
TXSB26,3.11
TXSB26,0.45
TXSB26,2.29
TXSB26,2.03
TXSB27,12.6
TXSB27,10.6
TXSB27,2.27
TXSB27,0.79
TXSB27,1.68
TXSB27,1.22
TXSB29,6.58
TXSB29,1.19
TXSB29,1.54
TXSB29,0.53
TXSB29,1.15
TXSB29,0.06
TXSB30,7.72
TXSB30,0.03
TXSB30,1.78
TXSB30,3.83
TXSB30,3.16
TXSB30,0.08
TXSB33,5.4
TXSB33,1.77
TXSB33,0.47
TXSB33,0.31
TXSB33,0.27
TXSB33,0.08
TXSB34,3.92
TXSB34,0.67
TXSB34,0.53
TXSB34,0.27
TXSB34,0.15
TXSB34,0.16
TXSB35,8.15
TXSB35,0.17
TXSB35,0.11
TXSB35,0.15
TXSB35,0.15
TXSB35,0.05
TXSB36,4.97
TXSB36,0.05
TXSB36,0.05
TXSB36,0.99
TXSB36,0.39
TXSB36,0.03
TXSB38,0.42
TXSB38,0.03
TXSB38,0.03
TXSB38,0.04
TXSB38,0.01
TXSB38,0.03
TXSB39,0.15
TXSB39,0.04
TXSB39,0.06
TXSB39,0.06
TXSB39,0.05
TXSB39,0.03
TXSB40,0.1
TXSB40,0.02
TXSB40,0.03
TXSB40,0.03
TXSB40,0.01
TXSB40,15.7
TXSB5,6.57
TXSB5,2.48
TXSB5,1.44
TXSB5,0.76
TXSB5,3.24
TXSB5,0.08
TXSB57,0.96
TXSB57,16.4
TXSB57,0.12
TXSB57,0.07
TXSB57,0.09
TXSB57,0.03
TXSB59,0.38
TXSB59,0.04
TXSB59,0.04
TXSB59,0.05
TXSB59,0.03
TXSB59,0.86
TXSB6,3.56
TXSB6,6.71
TXSB6,0.98
TXSB6,1.35
TXSB6,2.75
TXSB6,0.08
TXSB60,1.53
TXSB60,0.06
TXSB60,0.07
TXSB60,0.06
TXSB60,0.07
TXSB60,0.66
TXSB61,14
TXSB61,0.1
TXSB61,0.6
TXSB61,0.64
TXSB61,0.47
TXSB61,0.25
TXSB62,0.1
TXSB62,0.1
TXSB62,0.07
TXSB62,0.05
TXSB62,0.05
TXSB62,0.13
TXSB7,4.95
TXSB7,5.38
TXSB7,0.3
TXSB7,0.2
TXSB7,0.45
TXSB7,0.11
TXSB7,0.07
TXSB8,1.83
TXSB8,0.08
TXSB8,0.01
TXSB8,0.02
TXSB8,0.07
TXSB8,0.05
TXSB9,1.83
TXSB9,0.17
TXSB9,0.07
TXSB9,0.03
TXSB9,0.01
TXSB9,0.1
TXSE5103_V,91.7
TXSE5103_V,91.7
TXSE5103_V,91.7
TXSE5103_V,91.7
TXSE5120_V,579
TXSE5123_V,178
TXSE5134_V,289
TXSE5134_V,289
TXSE5134_V,289
TXSE5134_V,289
TXSE5247_V,25.9
TXSE5247_V,25.9
TXSE5247_V,25.9
TXSE5247_V,25.9
TXSE9431_B,0.01
TXSE9431_B,0.01
TXSE9431_B,0.01
TXSE9431_B,0.01
TXSE9437_B,2.99
TXSE9437_B,2.99
TXSE9437_B,2.99
TXSE9437_B,2.99
TXSE9466_V,0.41
TXSE9466_V,0.41
TXSE9466_V,0.41
TXSE9466_V,0.41
TXSE9467_V,0.48
TXSE9496_BO,0.04
TXSE9496_BO,0.04
TXSE9496_BO,0.04
TXSE9496_BO,0.04
TXSE9497_B,0.1
TXSE9497_B,0.1
TXSE9497_B,0.1
TXSE9497_B,0.1
TXSE9498_B,0.04
TXSE9498_B,0.04
TXSE9498_B,0.04
TXSE9498_B,0.04
TXSE9500_BO,0.02
TXSE9500_BO,0.02
TXSE9500_BO,0.02
TXSE9500_BO,0.02
TXSE9501_B,28.5
TXSE9501_B,28.5
TXSE9501_B,28.5
TXSE9501_B,28.5
TXSE9502_B,0.03
TXSE9502_B,0.03
TXSE9502_B,0.03
TXSE9502_B,0.03
TXSE9503_B,0.03
TXSE9503_B,0.03
TXSE9503_B,0.03
TXSE9503_B,0.03
TXSE9504_B,0.13
TXSE9504_B,0.13
TXSE9504_B,0.13
TXSE9504_B,0.13
TXSE9511_B,35.2
TXSE9511_B,35.2
TXSE9511_B,35.2
TXSE9511_B,35.2
TXSE9619_V,0.02
TXSE9619_V,0.02
TXSE9619_V,0.02
TXSE9619_V,0.02
TXSE9620_V,0.21
TXSE9620_V,0.21
TXSE9620_V,0.21
TXSE9620_V,0.21
TXSE9621_V,1.64
TXSE9621_V,1.64
TXSE9621_V,1.64
TXSE9621_V,1.64
TXSE9622_V,0.0045
TXSE9623_V,0.04
TXSE9624_V,0.21
TXSE9624_V,0.21
TXSE9624_V,0.21
TXSE9624_V,0.21
TXSV148,6.79
TXSV152,6.11
TXSV154,0.09
TXSV262,0.06
TXSV276,5.33
TXSV2937,9.28
TXSV2937,0.18
TXSV310,0.79
TXSV3223,1.67
TXSV3223,0.17
TXSV3224,2.24
TXSV3224,0.12
TXSV3314,92.4
TXSV3315,7.28
TXSV3316,0.14
TXSV3317,3.6
TXSV334,8.12
TXSV338,101
TXSV353,28.7
TXSV409,0.36
TXSV419,1.14
TXSV438,1.99
TXSV452,3.04
TXSV455,6.29
TXSV455,0.04
TXSV65420,3.64
TXSV65431,0.02
UTAW1033,27.5
UTAW1542,2.87
UTWM1015,0.66
UTWM1096,0.94
UTWM1150,12.5
UTWM1152,14.8
UTWM1363,3.51
UTWM1419,102
UTWM1431,49.9
UTWM1447,0.046
UTWM1875,2.16
UTWM1879,0.93
VANE8895_B,5.58
VANE8895_B,5.58
VANE8895_B,5.58
VANE8895_B,5.58
VANE8896_B,0.0241
VANE8896_B,0.0241
VANE8896_B,0.0241
VANE8896_B,0.0241
VANE8897_B,0.0956
VANE8897_B,0.0956
VANE8897_B,0.0956
VANE8897_B,0.0956
VANE9099_B,0.0173
VANE9099_B,0.0173
VANE9099_B,0.0173
VANE9099_B,0.0173
VANE9100_B,0.0104
VANE9100_B,0.0104
VANE9100_B,0.0104
VANE9100_B,0.0104
VANE9101_B,0.0274
VANE9101_B,0.0274
VANE9101_B,0.0274
VANE9101_B,0.0274
VANE9102_V,0.0444
VANE9102_V,0.0444
VANE9102_V,0.0444
VANE9102_V,0.0444
VANE9114_B,0.002
VANE9114_B,0.002
VANE9114_B,0.002
VANE9114_B,0.002
VANE9121_B,0.16
VANE9121_B,0.16
VANE9121_B,0.16
VANE9121_B,0.16
VANE9670_V,0.0368
VANE9670_V,0.0368
VANE9670_V,0.0368
VANE9670_V,0.0368
VANE9671_V,3.99
VANE9671_V,3.99
VANE9671_V,3.99
VANE9671_V,3.99
VTNE8649_V,0.0951
VTNE8649_V,0.0951
VTNE8873_V,0.67
VTNE8874_V,3.15
VTNE8874_V,3.15
VTNE8874_V,3.15
VTNE8874_V,3.15
VTNE8875_B,3.74
VTNE8875_B,3.74
VTNE8875_B,3.74
VTNE8875_B,3.74
VTNE8877_B,0.33
VTNE8877_B,0.33
VTNE8877_B,0.33
VTNE8877_B,0.33
VTNE9036_V,10.9
VTNE9036_V,10.9
VTNE9038_B,76.6
VTNE9038_B,76.6
VTNE9038_B,76.6
VTNE9038_B,76.6
VTNE9039_V,4.03
VTNE9039_V,4.03
VTNE9039_V,4.03
VTNE9039_V,4.03
VTNE9042_B,0.0205
VTNE9042_B,0.0205
VTNE9042_B,0.0205
VTNE9042_B,0.0205
WIUB11,11.8
WIUB11,11.5
WIUB11,11.8
WIUB11,11.8
WIUB11,11.8
WIUB11,11.8
WIUB12,2.55
WIUB12,2.55
WIUB12,2.55
WIUB12,2.55
WIUB12,2.55
WIUB12,2.55
WIUB128,4.42
WIUB128,4.44
WIUB128,4.44
WIUB128,4.43
WIUB128,4.42
WIUB128,4.42
WIUB129,0.16
WIUB129,4.49
WIUB129,0.16
WIUB129,4.49
WIUB129,0.16
WIUB129,4.49
WIUB130,5.03
WIUB130,5.03
WIUB130,4.99
WIUB130,5.03
WIUB130,5.03
WIUB130,5.03
WIUB137,0.28
WIUB137,0.28
WIUB137,0.28
WIUB137,0.28
WIUB137,0.28
WIUB137,0.28
WIUB138,0.2
WIUB138,0.19
WIUB138,0.19
WIUB138,0.13
WIUB138,0.2
WIUB138,0.2
WIUB14,29.4
WIUB14,29.4
WIUB14,29.4
WIUB14,29.4
WIUB14,29.4
WIUB14,29.4
WIUB15,2.81
WIUB15,2.82
WIUB15,2.82
WIUB15,2.82
WIUB15,2.81
WIUB15,2.82
WIUB18,123
WIUB18,123
WIUB18,123
WIUB18,123
WIUB18,123
WIUB18,123
WIUB19,0.3
WIUB19,0.3
WIUB19,0.3
WIUB19,0.3
WIUB19,0.3
WIUB19,0.3
WIUB20,0.8
WIUB20,0.8
WIUB20,0.8
WIUB20,0.8
WIUB20,0.8
WIUB20,0.8
WIUB21,0.13
WIUB21,0.13
WIUB21,0.13
WIUB21,0.13
WIUB22,3.35
WIUB22,3.39
WIUB22,3.35
WIUB22,3.34
WIUB22,3.35
WIUB22,3.35
WIUB3,28
WIUB3,54.1
WIUB3,82.5
WIUB3,54.1
WIUB3,28
WIUB3,3.35
WIUB32,49.6
WIUB32,49.6
WIUB32,49.5
WIUB32,49.6
WIUB32,49.6
WIUB32,49.6
WIUB33,10.1
WIUB33,10.1
WIUB33,10.1
WIUB33,10.1
WIUB33,10.1
WIUB33,10.1
WIUB34,1.88
WIUB34,1.88
WIUB34,1.88
WIUB34,1.89
WIUB34,1.88
WIUB34,1.88
WIUB35,0.68
WIUB35,0.68
WIUB35,0.68
WIUB35,0.68
WIUB35,0.68
WIUB35,0.68
WIUB36,1.66
WIUB36,1.66
WIUB36,1.66
WIUB36,1.66
WIUB36,1.66
WIUB36,1.66
WIUB37,0.23
WIUB37,0.23
WIUB37,0.23
WIUB37,0.23
WIUB37,0.23
WIUB37,0.23
WIUB38,6.44
WIUB38,6.44
WIUB38,6.44
WIUB38,6.44
WIUB38,6.44
WIUB38,6.44
WIUB39,0.37
WIUB39,0.37
WIUB39,0.37
WIUB39,0.37
WIUB39,0.37
WIUB39,0.37
WIUB40,0.87
WIUB40,0.87
WIUB40,0.88
WIUB40,0.88
WIUB40,0.87
WIUB40,0.87
WIUB42,2.19
WIUB42,2.19
WIUB42,2.19
WIUB42,2.19
WIUB42,2.19
WIUB42,2.19
WVNE8653_B,0.0569
WVNE8653_B,0.0569
WVNE8653_B,0.0569
WVNE8653_B,0.0569
WVNE8661_B,0.0519
WVNE8661_B,0.0519
WVNE8661_B,0.0519
WVNE8661_B,0.0519
WVNE8664_B,0.0586
WVNE8664_B,0.0586
WVNE8664_B,0.0586
WVNE8664_B,0.0586
WVNE9104_B,0.19
WVNE9104_B,0.19
WVNE9104_B,0.19
WVNE9104_B,0.19
WVNE9105_B,0.035
WVNE9105_B,0.035
WVNE9105_B,0.035
WVNE9105_B,0.035
WVNE9106_B,0.34
WVNE9106_B,0.34
WVNE9106_B,0.34
WVNE9106_B,0.34
WYAW0753,0.04
WYAW1472,0.02
WYAW1474,0.02
WYAW1476,20.14
WYCB47,1.38
WYCB47,0.02
WYCB47,0.03
WYCB47,0.02
WYCB47,0.03
WYCB47,0.28
WYCB48,5.78
WYCB48,0.36
WYCB48,0.21
WYCB48,0.13
WYCB48,0.07
WYCB48,0.5
WYCV2921,0.31
WYNB1,0.38
WYNB1,0.2
WYNB1,0.06
WYNB1,0.05
WYNB1,0.05
WYNB1,0.07
WYNB18,3.37
WYNB18,0.17
WYNB18,0.05
WYNB25,152.2
WYNB25,0.56
WYNB25,0.24
WYNB31,2.08
WYNB31,0.1
WYNB31,0.14
WYNB31,0.03
WYNB31,0.08
WYNB31,0.04
WYNB44,39
WYNB44,0.44
WYNB44,0.19
WYNB44,0.18
WYNB44,0.08
WYNB44,0.13
WYNB6,0.43
WYNB6,0.15
WYNB6,0.25
WYNB6,0.12
WYNB6,0.04
WYNB6,0.02
WYNB900,0.25
WYNB900,0.12
WYNB900,0.06
WYNV2883,0.03
WYNV2887,0.07
WYNV2922,0.03
WYNV634,0.08
WYNV646,0.08
WYNV667,0.15
WYWM0749,0.1
WYWM0749,2.6
WYWM0749,2.6
WYWM0749,2.6
WYWM0754,0.25
WYWM0754,0.04
WYWM0754,0.04
WYWM0754,0.04
WYWM0774,0.08
WYWM0774,32.7
WYWM0774,32.7
WYWM0774,32.7
WYWM1494,0.07
WYWM1495,0.02
WYWM1500,0.03
WYWM1500,0.05
WYWM1500,0.05
WYWM1500,0.05
WYWM1510,0.13
WYWM1510,0.13
WYWM1510,0.13
WYWM1510,0.13
WYWM1521,0.13
WYWM1521,0.12
WYWM1521,0.12
WYWM1521,0.12
WYWM1523,0.1
WYWM1523,0.15
WYWM1523,0.15
WYWM1523,0.15
WYWM1529,0.08
WYWM1530,0.05
WYWM1530,0.36
WYWM1530,0.36
WYWM1530,0.17
WYWM1531,0.09
WYWM1534,0.03
WYWM1534,0.05
WYWM1535,0.05
WYWM1535,0.21
WYWM1535,0.21
WYWM1535,0.21
WYWM1537,0.35
WYWM1537,0.38
WYWM1540,0.03
WYWM1540,61.6
WYWM1540,61.6
WYWM1540,61.6
WYWM1841,0.06
WYWM1913,0.05
WYWM1914,0.12
WYWM1915,0.03
WYWM1916,0.02
